lambda,mean_E_coup_kjmol,mean_E_dse_kjmol,mean_net_cavity_kjmol,abs_ratio_coup_over_dse
0.01,-94.9343170475,47.4334674325,1.3249229354166667,2.0014205620239736
0.016667,-244.8240596029167,122.53834051041665,1.477920907916667,1.9979384295815958
