{
  "lambdas": {
    "0.01": {
      "waiting_times_ps": [
        0.0,
        200.001,
        401.001,
        602.001,
        803.001,
        1004.001,
        1205.001,
        1406.001,
        1607.001,
        1808.001,
        2008.001,
        2209.0
      ],
      "tau_s_ps": [
        0.950148639863495,
        2.315680124006614,
        1.7076412481601717,
        6.766590177843565,
        1.7536343100940819,
        2.4252735309505797,
        1.772528986180052,
        1.9555159933411257,
        1.7233926212635249,
        3.83348862540693,
        0.9017634397791205,
        0.93748968015582
      ],
      "h_end": 3.1356575083813607
    },
    "0.016667": {
      "waiting_times_ps": [
        0.0,
        200.001,
        401.001,
        602.001,
        803.001,
        1004.001,
        1205.001,
        1406.001,
        1607.001,
        1808.001,
        2008.001,
        2209.0
      ],
      "tau_s_ps": [
        0.8915118302396288,
        2.2018246769472856,
        1.6754668888105633,
        3.782687078365715,
        1.8159819151006524,
        2.2025548765891276,
        1.896890136306079,
        2.5648849601594375,
        1.8605702845603005,
        1.5254320388906368,
        0.835300044756742,
        0.8592553887225125
      ],
      "h_end": 3.0183387785549285
    }
  }
}