lambda,mean_E_coup_kjmol,mean_E_dse_kjmol,mean_net_cavity_kjmol,abs_ratio_coup_over_dse
0.01,-87.79798326733334,43.90571012233333,1.376988917666667,1.9996939583189546
0.016667,-251.14275319966666,125.46261475366667,1.5316610786666667,2.0017337729869604
0.023333,-534.3700514893333,266.9922272656667,1.744225283,2.0014442254066678
0.03,-642.4906607199999,321.7126322143333,1.6690612446666668,1.997094911374061
