{
  "lambdas": {
    "0.01": {
      "waiting_times_ps": [
        0.0,
        200.001,
        401.001,
        602.001,
        803.001,
        1004.001,
        1205.001,
        1406.001,
        1607.001,
        1808.001,
        2008.001,
        2209.0
      ],
      "tau_s_ps": [
        15.0,
        15.0,
        17.898649701448228,
        15.0,
        15.0,
        15.0,
        19.519219424293553,
        16.79865048321208,
        15.0,
        27.621506818164946,
        18.69713201385251,
        15.0
      ],
      "h_end": 8.785499008334718
    },
    "0.016667": {
      "waiting_times_ps": [
        0.0,
        200.001,
        401.001,
        602.001,
        803.001,
        1004.001,
        1205.001,
        1406.001,
        1607.001,
        1808.001,
        2008.001,
        2209.0
      ],
      "tau_s_ps": [
        20.016216583497947,
        15.0,
        15.0,
        25.998597493970912,
        15.0,
        16.846336153251364,
        15.314776294517902,
        15.0,
        15.0,
        22.49425861708324,
        18.242885119847656,
        15.0
      ],
      "h_end": 7.598830435762851
    },
    "0.023333": {
      "waiting_times_ps": [
        0.0,
        200.001,
        401.001,
        602.001,
        803.001,
        1004.001,
        1205.001,
        1406.001,
        1607.001,
        1808.001,
        2008.001,
        2209.0
      ],
      "tau_s_ps": [
        15.0,
        15.0,
        15.0,
        15.0,
        15.0,
        15.0,
        15.0,
        15.0,
        15.0,
        15.0,
        15.0,
        15.0
      ],
      "h_end": 8.782984818878479
    },
    "0.03": {
      "waiting_times_ps": [
        0.0,
        200.001,
        401.001,
        602.001,
        803.001,
        1004.001,
        1205.001,
        1406.001,
        1607.001,
        1808.001,
        2008.001,
        2209.0
      ],
      "tau_s_ps": [
        15.0,
        17.041354023698656,
        15.0,
        15.0,
        15.0,
        15.0,
        15.0,
        15.0,
        15.0,
        15.0,
        15.0,
        15.0
      ],
      "h_end": 8.785567680641082
    }
  }
}