{
  "sk_summary": {
    "k_peak_au": 0.7435897435897436,
    "S_at_k_peak": 1.7675640663130323,
    "S_at_k6": 0.982094347046917,
    "k_2pi_over_sigma_AA": 1.0084722180244585,
    "k_paper_au": 6.0
  },
  "kscan": {
    "k_au_0.1571": {
      "kmag_au": 0.1571,
      "kmag_nm_inv": 2.968760924983512,
      "F0": 915.8364080573218,
      "phi_at_1ps": 0.9978637955206563,
      "tau_s_raw": 484.98051449503936,
      "tau_s_block": 481.79723502855677,
      "tau_s_kww": 61.137475411027395
    },
    "k_au_0.7436": {
      "kmag_au": 0.7436,
      "kmag_nm_inv": 14.052009063130107,
      "F0": 1090.9109054098546,
      "phi_at_1ps": 0.8796244517257988,
      "tau_s_raw": 107.83117092831426,
      "tau_s_block": 115.36055792043238,
      "tau_s_kww": 140.4625316396306
    },
    "k_au_0.963": {
      "kmag_au": 0.963,
      "kmag_nm_inv": 18.19806983296704,
      "F0": 554.2039020798358,
      "phi_at_1ps": 0.8182634790573579,
      "tau_s_raw": 49.88276372398042,
      "tau_s_block": 53.32230067023647,
      "tau_s_kww": 172.2403316789157
    },
    "k_au_1": {
      "kmag_au": 1.0,
      "kmag_nm_inv": 18.89726877774355,
      "F0": 709.4704620364231,
      "phi_at_1ps": 0.884026023238277,
      "tau_s_raw": 51.657913094977594,
      "tau_s_block": 70.58387410211536,
      "tau_s_kww": 376.3473341680646
    },
    "k_au_1.0085": {
      "kmag_au": 1.0085,
      "kmag_nm_inv": 19.05789556235437,
      "F0": 774.6516880071307,
      "phi_at_1ps": 0.8748891073417275,
      "tau_s_raw": 51.965848259831965,
      "tau_s_block": 93.0448901676203,
      "tau_s_kww": 430.311608378535
    },
    "k_au_2": {
      "kmag_au": 2.0,
      "kmag_nm_inv": 37.7945375554871,
      "F0": 419.7259392731949,
      "phi_at_1ps": 0.2489163377144394,
      "tau_s_raw": 15.476831304595978,
      "tau_s_block": 33.29586698225289,
      "tau_s_kww": null
    },
    "k_au_4": {
      "kmag_au": 4.0,
      "kmag_nm_inv": 75.5890751109742,
      "F0": 520.2344353023764,
      "phi_at_1ps": 0.06980250852268083,
      "tau_s_raw": 11.999999999716238,
      "tau_s_block": 15.0,
      "tau_s_kww": 8244.580696836501
    },
    "k_au_6": {
      "kmag_au": 6.0,
      "kmag_nm_inv": 113.38361266646132,
      "F0": 457.58447517383536,
      "phi_at_1ps": -0.07382205628654244,
      "tau_s_raw": 11.999999999716238,
      "tau_s_block": 17.94440164364673,
      "tau_s_kww": 5829.5838212909775
    }
  },
  "calibration_tau_ps": 105.0,
  "trajectory": {
    "n_frames": 299,
    "lag_ps": 1.9999999999527063,
    "runtime_ps": 600.0
  }
}