{
  "atomic_pre_fix_campaign_replica42": {
    "F0": 441.216918,
    "phi_at_1ps": 0.025068962790769506,
    "phi_at_10ps": -0.011648504534452143,
    "phi_at_100ps": 0.05553319245115619,
    "phi_block_15ps": 0.05065699901153835,
    "tau_s_ps": 15.0
  },
  "molecular_com_benchmark": {
    "F0": 211.82243952,
    "phi_at_1ps": -0.2259225207605144,
    "phi_at_10ps": 0.04990188052763864,
    "phi_at_100ps": -0.05861008573092087,
    "phi_block_15ps": 0.10186269425350421,
    "tau_s_ps": 69.74852972566832
  },
  "calibration_target_tau_ps": 105.0
}