{
  "k_peak_au": 0.7435897435897436,
  "S_at_k_peak": 1.7675640663130323,
  "S_at_k6": 0.982094347046917,
  "k_2pi_over_sigma_AA": 1.0084722180244585,
  "k_paper_au": 6.0,
  "dimensionless": {
    "k_sigma_AA": 37.382400000000004,
    "k_r0_AA": 13.689930948,
    "k_r0_BB": 12.446113306200001,
    "k_L_box": 240.0,
    "k_2pi_over_sigma_AA": 1.0084722180244585,
    "k_2pi_over_L": 0.15707963267948966
  }
}