{
  "input_dir": "/media/extradrive/Trajectories/openmm/examples/cavity/c2f_protocol/turnon_aging",
  "runtime_ps": 160.0,
  "coupling_start_ps": 10.0,
  "lambdas": {
    "0.01": {
      "mean_E_bond_pre_turnon": 112.37732062020203,
      "mean_E_bond_post_turnon": 118.97862558356096,
      "delta_E_bond_post_minus_pre": 6.601304963358928,
      "mean_E_cav_harmonic_post_turnon": 31.00465743172885,
      "mean_net_cavity_post_turnon": 1.4649503132411732,
      "steady_net_cavity": 1.349821780000008,
      "mean_E_coup_post_turnon": -59.08099192904731,
      "mean_abs_E_coup_post_turnon": 59.08353060046636,
      "peak_abs_E_coup": 142.0706135,
      "mean_E_dse_post_turnon": 29.541284810559628,
      "mean_abs_E_dse_post_turnon": 29.541284810559628,
      "steady_abs_E_coup": 71.46519481458337,
      "steady_abs_E_dse": 35.69171477208335,
      "steady_ratio_abs_coup_over_dse": 2.0025840886187303,
      "n_traj": 10,
      "static_rms_turnon": 157.58505091,
      "static_mean_relaxed": 157.60826738,
      "static_mean_dse": -92.07756326
    },
    "0.03": {
      "mean_E_bond_pre_turnon": 114.97756357373741,
      "mean_E_bond_post_turnon": 187.42487637208527,
      "delta_E_bond_post_minus_pre": 72.44731279834785,
      "mean_E_cav_harmonic_post_turnon": 413.12311936968683,
      "mean_net_cavity_post_turnon": 2.6052082374417043,
      "steady_net_cavity": 1.7893929473333212,
      "mean_E_coup_post_turnon": -821.3944171263156,
      "mean_abs_E_coup_post_turnon": 821.3962320912723,
      "peak_abs_E_coup": 1276.7926552000001,
      "mean_E_dse_post_turnon": 410.8765059940706,
      "mean_abs_E_dse_post_turnon": 410.8765059940706,
      "steady_abs_E_coup": 885.7549860136661,
      "steady_abs_E_dse": 442.8597726226663,
      "steady_ratio_abs_coup_over_dse": 1.9998672713511967,
      "n_traj": 10,
      "static_rms_turnon": 472.75513541,
      "static_mean_relaxed": 472.82478479,
      "static_mean_dse": -846.35079895
    },
    "0.042": {
      "mean_E_bond_pre_turnon": 112.3406393050505,
      "mean_E_bond_post_turnon": 237.1527128712858,
      "delta_E_bond_post_minus_pre": 124.81207356623528,
      "mean_E_cav_harmonic_post_turnon": 681.728982237175,
      "mean_net_cavity_post_turnon": 3.7723141499666877,
      "steady_net_cavity": 2.0212622900000126,
      "mean_E_coup_post_turnon": -1358.2388094942035,
      "mean_abs_E_coup_post_turnon": 1358.2388094942035,
      "peak_abs_E_coup": 2240.7423904999964,
      "mean_E_dse_post_turnon": 680.2821414069952,
      "mean_abs_E_dse_post_turnon": 680.2821414069952,
      "steady_abs_E_coup": 1140.916593196666,
      "steady_abs_E_dse": 571.309750809333,
      "steady_ratio_abs_coup_over_dse": 1.99721296078624,
      "n_traj": 10,
      "static_rms_turnon": 661.85721443,
      "static_mean_relaxed": 661.95472358,
      "static_mean_dse": -1663.79037781
    },
    "0.07": {
      "mean_E_bond_pre_turnon": 114.71948672323234,
      "mean_E_bond_post_turnon": 229.65070903017988,
      "delta_E_bond_post_minus_pre": 114.93122230694755,
      "mean_E_cav_harmonic_post_turnon": 3836.420847597335,
      "mean_net_cavity_post_turnon": 8.50326724776818,
      "steady_net_cavity": 1.6647418620000312,
      "mean_E_coup_post_turnon": -7658.943581611126,
      "mean_abs_E_coup_post_turnon": 7658.943581611126,
      "peak_abs_E_coup": 11528.135742099943,
      "mean_E_dse_post_turnon": 3831.026001261559,
      "mean_abs_E_dse_post_turnon": 3831.026001261559,
      "steady_abs_E_coup": 7638.194554667333,
      "steady_abs_E_dse": 3819.210868844666,
      "steady_ratio_abs_coup_over_dse": 1.999980632138066,
      "n_traj": 10,
      "static_rms_turnon": 1103.09533709,
      "static_mean_relaxed": 1103.25785234,
      "static_mean_dse": -4635.36999596
    },
    "0.09": {
      "mean_E_bond_pre_turnon": 116.7717807131313,
      "mean_E_bond_post_turnon": 253.16616771898734,
      "delta_E_bond_post_minus_pre": 136.39438700585603,
      "mean_E_cav_harmonic_post_turnon": 4192.616972191072,
      "mean_net_cavity_post_turnon": 14.584006397335122,
      "steady_net_cavity": 1.5057715386667103,
      "mean_E_coup_post_turnon": -8363.19659431852,
      "mean_abs_E_coup_post_turnon": 8363.200698959692,
      "peak_abs_E_coup": 14953.658202999999,
      "mean_E_dse_post_turnon": 4185.163628524783,
      "mean_abs_E_dse_post_turnon": 4185.163628524783,
      "steady_abs_E_coup": 10203.100032837665,
      "steady_abs_E_dse": 5101.3434488269995,
      "steady_ratio_abs_coup_over_dse": 2.0000734116871164,
      "n_traj": 10,
      "static_rms_turnon": 1418.26554736,
      "static_mean_relaxed": 1418.47449554,
      "static_mean_dse": -7670.1162572
    },
    "0.141": {
      "mean_E_bond_pre_turnon": 116.84665437777775,
      "mean_E_bond_post_turnon": 332.8057318966689,
      "delta_E_bond_post_minus_pre": 215.95907751889112,
      "mean_E_cav_harmonic_post_turnon": 9821.469272997932,
      "mean_net_cavity_post_turnon": 30.231524067355,
      "steady_net_cavity": 2.025564972000096,
      "mean_E_coup_post_turnon": -19610.31134483937,
      "mean_abs_E_coup_post_turnon": 19610.375557201132,
      "peak_abs_E_coup": 30746.201966299188,
      "mean_E_dse_post_turnon": 9819.073595908794,
      "mean_abs_E_dse_post_turnon": 9819.073595908794,
      "steady_abs_E_coup": 24616.31287072133,
      "steady_abs_E_dse": 12309.436815695664,
      "steady_ratio_abs_coup_over_dse": 1.9998371857781683,
      "n_traj": 10,
      "static_rms_turnon": 2221.94936916,
      "static_mean_relaxed": 2222.27672137,
      "static_mean_dse": -18849.38143253
    }
  }
}