{
  "note": "NVT with Bussi/Langevin baths: E_mech is not conserved. Turn-on bookkeeping tracks where potential energy is redistributed.",
  "N_atoms_kin_estimate": 500,
  "coupling_start_ps": 10.0,
  "lambdas": {
    "0.01": {
      "n_traj": 10,
      "turnon_window_1ps": {
        "delta_U_pot": 24.616533000000345,
        "pre_U_pot": -3596.35921534,
        "post_U_pot": -3571.7426823399996,
        "delta_U_molecular": 15.399907329999678,
        "pre_U_molecular": -3597.6196005499996,
        "post_U_molecular": -3582.21969322,
        "delta_U_cavity": 9.216625670000026,
        "pre_U_cavity": 1.2603852100000001,
        "post_U_cavity": 10.477010880000027,
        "delta_E_kin": 8.811713212100813,
        "pre_E_kin": 621.3362619537587,
        "post_E_kin": 630.1479751658595,
        "delta_E_mech": 33.42824621210093,
        "pre_E_mech": -2975.022953386241,
        "post_E_mech": -2941.5947071741402,
        "delta_E_bond": 8.983411410000016,
        "pre_E_bond": 110.69764327,
        "post_E_bond": 119.68105468000002,
        "delta_E_cav_harm": 36.739613539999866,
        "pre_E_cav_harm": 1.2603852100000001,
        "post_E_cav_harm": 37.99999874999987,
        "delta_E_coup": -60.77292365999983,
        "pre_E_coup": 0.0,
        "post_E_coup": -60.77292365999983,
        "delta_E_dse": 33.24993578999999,
        "pre_E_dse": 0.0,
        "post_E_dse": 33.24993578999999,
        "coupling_start_ps": 10.0
      },
      "steady_mean_E_mech": -2963.4739186387287,
      "steady_std_E_mech": 12.32821177614117,
      "steady_mean_U_pot": -3586.1522339159387,
      "steady_mean_E_kin": 622.6783152772106,
      "E_mech_drift_post_turnon": 4.461227669373784
    },
    "0.03": {
      "n_traj": 10,
      "turnon_window_1ps": {
        "delta_U_pot": 204.6056457299992,
        "pre_U_pot": -3579.82969133,
        "post_U_pot": -3375.224045600001,
        "delta_U_molecular": 114.2684683499997,
        "pre_U_molecular": -3581.06287677,
        "post_U_molecular": -3466.7944084200003,
        "delta_U_cavity": 90.33717737999999,
        "pre_U_cavity": 1.2331854400000004,
        "post_U_cavity": 91.57036281999999,
        "delta_E_kin": 75.73521568274191,
        "pre_E_kin": 625.6562509471216,
        "post_E_kin": 701.3914666298635,
        "delta_E_mech": 280.34086141274156,
        "pre_E_mech": -2954.1734403828787,
        "post_E_mech": -2673.832578970137,
        "delta_E_bond": 124.2270673899994,
        "pre_E_bond": 115.07058253,
        "post_E_bond": 239.2976499199994,
        "delta_E_cav_harm": 382.62396009000025,
        "pre_E_cav_harm": 1.2331854400000004,
        "post_E_cav_harm": 383.85714553000025,
        "delta_E_coup": -617.37134856,
        "pre_E_coup": 0.0,
        "post_E_coup": -617.37134856,
        "delta_E_dse": 325.0845658499999,
        "pre_E_dse": 0.0,
        "post_E_dse": 325.0845658499999,
        "coupling_start_ps": 10.0
      },
      "steady_mean_E_mech": -2976.309049803935,
      "steady_std_E_mech": 35.02638889962743,
      "steady_mean_U_pot": -3600.8389869706193,
      "steady_mean_E_kin": 624.5299371666846,
      "E_mech_drift_post_turnon": -32.277900936794595
    },
    "0.042": {
      "n_traj": 10,
      "turnon_window_1ps": {
        "delta_U_pot": 378.3418433500001,
        "pre_U_pot": -3582.6491715800003,
        "post_U_pot": -3204.30732823,
        "delta_U_molecular": 203.15918551999948,
        "pre_U_molecular": -3583.8842457399996,
        "post_U_molecular": -3380.72506022,
        "delta_U_cavity": 175.18265782999998,
        "pre_U_cavity": 1.2350741600000001,
        "post_U_cavity": 176.41773199,
        "delta_E_kin": 165.9090735567919,
        "pre_E_kin": 630.7827968584378,
        "post_E_kin": 796.6918704152297,
        "delta_E_mech": 544.2509169067916,
        "pre_E_mech": -2951.8663747215624,
        "post_E_mech": -2407.6154578147707,
        "delta_E_bond": 225.64243548999954,
        "pre_E_bond": 113.19013853999999,
        "post_E_bond": 338.83257402999953,
        "delta_E_cav_harm": 473.3177551400004,
        "pre_E_cav_harm": 1.2350741600000001,
        "post_E_cav_harm": 474.5528293000004,
        "delta_E_coup": -1097.5540390400004,
        "pre_E_coup": 0.0,
        "post_E_coup": -1097.5540390400004,
        "delta_E_dse": 799.4189417299997,
        "pre_E_dse": 0.0,
        "post_E_dse": 799.4189417299997,
        "coupling_start_ps": 10.0
      },
      "steady_mean_E_mech": -2985.9029100579655,
      "steady_std_E_mech": 67.09363507291712,
      "steady_mean_U_pot": -3612.0472052221185,
      "steady_mean_E_kin": 626.1442951641532,
      "E_mech_drift_post_turnon": -74.08458957133462
    },
    "0.07": {
      "n_traj": 10,
      "turnon_window_1ps": {
        "delta_U_pot": 587.2179656300004,
        "pre_U_pot": -3589.78501732,
        "post_U_pot": -3002.5670516899995,
        "delta_U_molecular": 212.80508396000005,
        "pre_U_molecular": -3591.00944807,
        "post_U_molecular": -3378.20436411,
        "delta_U_cavity": 374.4128816700009,
        "pre_U_cavity": 1.2244307500000002,
        "post_U_cavity": 375.6373124200009,
        "delta_E_kin": 249.03618739990327,
        "pre_E_kin": 618.2700086999482,
        "post_E_kin": 867.3061960998515,
        "delta_E_mech": 836.2541530299045,
        "pre_E_mech": -2971.515008620052,
        "post_E_mech": -2135.2608555901475,
        "delta_E_bond": 243.75669480999986,
        "pre_E_bond": 114.22417389,
        "post_E_bond": 357.98086869999986,
        "delta_E_cav_harm": 1767.1619592499972,
        "pre_E_cav_harm": 1.2244307500000002,
        "post_E_cav_harm": 1768.3863899999972,
        "delta_E_coup": -2917.197711079997,
        "pre_E_coup": 0.0,
        "post_E_coup": -2917.197711079997,
        "delta_E_dse": 1524.448633500001,
        "pre_E_dse": 0.0,
        "post_E_dse": 1524.448633500001,
        "coupling_start_ps": 10.0
      },
      "steady_mean_E_mech": -2979.782211094148,
      "steady_std_E_mech": 91.09015576331065,
      "steady_mean_U_pot": -3605.7944413642235,
      "steady_mean_E_kin": 626.0122302700757,
      "E_mech_drift_post_turnon": -82.21404114557436
    },
    "0.09": {
      "n_traj": 10,
      "turnon_window_1ps": {
        "delta_U_pot": 1247.7457197800004,
        "pre_U_pot": -3582.8635298400004,
        "post_U_pot": -2335.11781006,
        "delta_U_molecular": 493.8843384900015,
        "pre_U_molecular": -3584.09892464,
        "post_U_molecular": -3090.2145861499985,
        "delta_U_cavity": 753.8613812899982,
        "pre_U_cavity": 1.2353948000000001,
        "post_U_cavity": 755.0967760899982,
        "delta_E_kin": 327.64187568518923,
        "pre_E_kin": 623.1759054023078,
        "post_E_kin": 950.817781087497,
        "delta_E_mech": 1575.3875954651887,
        "pre_E_mech": -2959.687624437692,
        "post_E_mech": -1384.3000289725035,
        "delta_E_bond": 530.8349229600014,
        "pre_E_bond": 115.25649019,
        "post_E_bond": 646.0914131500015,
        "delta_E_cav_harm": 2161.2109075599974,
        "pre_E_cav_harm": 1.2353948000000001,
        "post_E_cav_harm": 2162.4463023599974,
        "delta_E_coup": -3271.9355114699983,
        "pre_E_coup": 0.0,
        "post_E_coup": -3271.9355114699983,
        "delta_E_dse": 1864.5859851999983,
        "pre_E_dse": 0.0,
        "post_E_dse": 1864.5859851999983,
        "coupling_start_ps": 10.0
      },
      "steady_mean_E_mech": -2969.292261021333,
      "steady_std_E_mech": 157.38114328569785,
      "steady_mean_U_pot": -3597.4398152091944,
      "steady_mean_E_kin": 628.1475541878604,
      "E_mech_drift_post_turnon": -117.68259626327335
    },
    "0.141": {
      "n_traj": 10,
      "turnon_window_1ps": {
        "delta_U_pot": 2979.7851614999977,
        "pre_U_pot": -3574.86937502,
        "post_U_pot": -595.0842135200024,
        "delta_U_molecular": 1482.3277094799978,
        "pre_U_molecular": -3576.08403051,
        "post_U_molecular": -2093.7563210300023,