lambda,mean_E_coup_kjmol,mean_E_dse_kjmol,mean_net_cavity_kjmol,abs_ratio_coup_over_dse
0.01,-91.42978980358974,45.708999773461535,1.3399304939743588,2.0002579416903696
0.016667,-248.74546595205126,124.35672806500001,1.4579761438461534,2.0002574032185416
0.023333,-484.9003237757692,242.4162654097436,1.4676655432051278,2.0002796551467674
0.03,-932.9249494717949,466.3350037162821,1.7015855488461555,2.000546692907886
