{
  "lambdas": {
    "0.01": {
      "waiting_times_ps": [
        0.0,
        200.001,
        401.001,
        602.001,
        803.001,
        1004.001,
        1205.001,
        1406.001,
        1607.001,
        1808.001,
        2008.001,
        2209.0
      ],
      "tau_s_ps": [
        1.0,
        1.0,
        2.0,
        1.0,
        2.0,
        1.0,
        2.0,
        1.0,
        2.0,
        1.0,
        1.0,
        1.0
      ],
      "h_end": 3.2465788332935195
    },
    "0.016667": {
      "waiting_times_ps": [
        0.0,
        200.001,
        401.001,
        602.001,
        803.001,
        1004.001,
        1205.001,
        1406.001,
        1607.001,
        1808.001,
        2008.001,
        2209.0
      ],
      "tau_s_ps": [
        1.0,
        1.0,
        2.0,
        1.0,
        2.0,
        1.0,
        2.0,
        1.0,
        2.0,
        1.0,
        1.0,
        1.0
      ],
      "h_end": 3.2465788332935195
    },
    "0.023333": {
      "waiting_times_ps": [
        0.0,
        200.001,
        401.001,
        602.001,
        803.001,
        1004.001,
        1205.001,
        1406.001,
        1607.001,
        1808.001,
        2008.001,
        2209.0
      ],
      "tau_s_ps": [
        1.0,
        1.0,
        2.0,
        1.0,
        2.0,
        1.0,
        2.0,
        1.0,
        2.0,
        1.0,
        1.0,
        1.0
      ],
      "h_end": 3.2465788332935195
    },
    "0.03": {
      "waiting_times_ps": [
        0.0,
        200.001,
        401.001,
        602.001,
        803.001,
        1004.001,
        1205.001,
        1406.001,
        1607.001,
        1808.001,
        2008.001,
        2209.0
      ],
      "tau_s_ps": [
        1.0,
        1.0,
        2.0,
        1.0,
        2.0,
        1.0,
        2.0,
        1.0,
        2.0,
        1.0,
        1.0,
        1.0
      ],
      "h_end": 3.2465788332935195
    }
  }
}